# Database Creation
CREATE DATABASE IF NOT EXISTS skillsprint;

USE skillsprint;

# Speakers Entity
CREATE TABLE Speakers (
    speaker_id INT NOT NULL AUTO_INCREMENT,
    first_name VARCHAR(50) NOT NULL,
    last_name VARCHAR(50) NOT NULL,
    email VARCHAR(100) NOT NULL UNIQUE,
    dob DATE NOT NULL,
    expertise_area VARCHAR(100) NOT NULL,
    bio VARCHAR(200) NOT NULL,
    PRIMARY KEY(speaker_id),
    CONSTRAINT chk_email_format CHECK (email REGEXP '^[A-Za-z0-9._%+-]+@[A-Za-z0-9.-]+\.[A-Za-z]{2,}$')
);


INSERT INTO Speakers (
first_name,
last_name,
email,
dob,
expertise_area,
bio
 )
VALUES
('Marco', 'Bianchi', 'marco.bianchi@yahoo.com', '1980-04-22', 'Leadership', 
 'Marco Bianchi is a leadership consultant who empowers organizations to build strong teams and enhance decision-making skills.'),
('Hans', 'Schmidt', 'hans.schmidt@gmail.com', '1978-06-15', 'Innovation', 
 'Hans Schmidt is a thought leader in technological innovation, helping companies integrate emerging trends for competitive advantage.'),
('Sophie', 'Lemoine', 'sophie.lemoine@gmail.com', '1985-12-05', 'Marketing', 
 'Sophie Lemoine is a marketing strategist with expertise in digital branding, audience engagement, and social media optimization.'),
('Mihailo', 'Petrovic', 'mihailo.petrovic@gmail.com', '1992-08-10', 'Public Speaking', 
 'Mihailo Petrovic is a public speaking coach who trains professionals to communicate effectively and confidently in high-stakes situations.'),
('Elena', 'Dimitrova', 'elena.dimitrova@gmail.com', '1989-10-30', 'Entrepreneurship', 
 'Elena Dimitrova is a startup mentor specializing in business development, funding strategies, and scaling innovative ventures.'),
('Luca', 'Romano', 'luca.romano@gmail.com', '1975-02-18', 'Finance', 
 'Luca Romano is a financial expert with extensive experience in investment planning, risk management, and corporate finance consulting.');

# Attendees Entity
CREATE TABLE Attendees (
    attendee_id INT NOT NULL AUTO_INCREMENT,
    first_name VARCHAR(50) NOT NULL,
    last_name VARCHAR(50) NOT NULL,
    email VARCHAR(100) NOT NULL UNIQUE,
    dob DATE NOT NULL,
    city VARCHAR(50) NOT NULL,
    country VARCHAR(50) NOT NULL,
    occupation VARCHAR(200) NOT NULL,
    organizations VARCHAR(200) NOT NULL,
    PRIMARY KEY(attendee_id),
    CONSTRAINT chk1_email_format CHECK (email REGEXP '^[A-Za-z0-9._%+-]+@[A-Za-z0-9.-]+\.[A-Za-z]{2,}$')
);



INSERT INTO Attendees (
first_name,
last_name,
email,
dob,
city,
country,
occupation,
organizations
)
VALUES
('Liam', 'Smith', 'liam.smith@gmail.com', '2001-05-14', 'London', 'UK', 'Student', 'University of London'),
('Olivia', 'Johnson', 'olivia.johnson@yahoo.com', '2002-11-22', 'Manchester', 'UK', 'Intern', 'Finance Corp'),
('Emma', 'Williams', 'emma.williams@hotmail.com', '2003-03-18', 'Edinburgh', 'Scotland', 'Student', 'Edinburgh University'),
('James', 'Taylor', 'james.taylor@gmail.com', '2000-07-07', 'Bristol', 'UK', 'Junior Developer', 'Tech Innovations'),
('Sophia', 'Brown', 'sophia.brown@outlook.com', '2004-08-12', 'Glasgow', 'Scotland', 'Marketing Intern', 'Creative Agency'),
('Noah', 'Miller', 'noah.miller@yahoo.com', '2001-02-28', 'Dublin', 'Ireland', 'Student', 'University of Dublin'),
('Ethan', 'Wilson', 'ethan.wilson@gmail.com', '1999-12-09', 'Cork', 'Ireland', 'Junior Analyst', 'Business Solutions'),
('Ava', 'Moore', 'ava.moore@gmail.com', '2002-06-25', 'Belfast', 'Northern Ireland', 'Student', 'University of Belfast'),
('Isabella', 'Taylor', 'isabella.taylor@gmail.com', '2003-09-01', 'Dublin', 'Ireland', 'Student', 'Trinity College Dublin'),
('Mia', 'Anderson', 'mia.anderson@yahoo.com', '2004-01-30', 'Limerick', 'Ireland', 'Intern', 'Customer Care Ltd.'),
('William', 'Thomas', 'william.thomas@gmail.com', '2001-04-17', 'London', 'UK', 'Student', 'University of London'),
('Lily', 'Jackson', 'lily.jackson@yahoo.com', '2002-10-11', 'Oxford', 'UK', 'Student', 'Oxford University'),
('Jack', 'Martinez', 'jack.martinez@gmail.com', '2000-03-24', 'Manchester', 'UK', 'Graphic Designer', 'Design Studio'),
('Grace', 'Harris', 'grace.harris@gmail.com', '2003-06-15', 'Bristol', 'UK', 'Student', 'Bristol University'),
('Alexander', 'Garcia', 'alexander.garcia@hotmail.com', '2002-12-02', 'Liverpool', 'UK', 'Junior Engineer', 'TechCo'),
('Charlotte', 'Rodriguez', 'charlotte.rodriguez@gmail.com', '2001-11-18', 'Dublin', 'Ireland', 'Intern', 'StartUp Hub'),
('Lucas', 'Martinez', 'lucas.martinez@gmail.com', '2004-02-09', 'Cardiff', 'Wales', 'Student', 'Cardiff University'),
('Amelia', 'Wilson', 'amelia.wilson@gmail.com', '2002-08-27', 'Newcastle', 'UK', 'Marketing Intern', 'Marketing Solutions Ltd.'),
('Henry', 'Lee', 'henry.lee@gmail.com', '2001-09-14', 'Liverpool', 'UK', 'Student', 'Liverpool University'),
('Oliver', 'King', 'oliver.king@yahoo.com', '2003-05-21', 'Cork', 'Ireland', 'Graphic Designer', 'Creative Design Co.'),
('Benjamin', 'Scott', 'benjamin.scott@gmail.com', '2002-07-30', 'Leeds', 'UK', 'Intern', 'Leeds Finance Ltd.'),
('Ella', 'Clark', 'ella.clark@gmail.com', '2000-10-05', 'Manchester', 'UK', 'Junior Consultant', 'Consulting Group'),
('Lily', 'Evans', 'lily.evans@gmail.com', '2001-04-10', 'Belfast', 'Northern Ireland', 'Intern', 'Tech Innovations'),
('Ryan', 'Young', 'ryan.young@gmail.com', '2004-12-16', 'Brighton', 'UK', 'Student', 'University of Brighton'),
('Henry', 'Green', 'henry.green@gmail.com', '2001-11-23', 'Cardiff', 'Wales', 'Student', 'Cardiff University'),
('Evan', 'Adams', 'evan.adams@gmail.com', '1987-04-14', 'London', 'UK', 'Project Manager', 'TechCorp'),
('Ella', 'Baker', 'ella.baker@gmail.com', '1984-09-19', 'Cork', 'Ireland', 'HR Specialist', 'HR Solutions Ltd.'),
('George', 'Martins', 'george.martins@gmail.com', '1980-02-08', 'London', 'UK', 'Marketing Director', 'Creative Marketing Co.'),
('Daniel', 'Davis', 'daniel.davis@yahoo.com', '1976-11-03', 'Leeds', 'UK', 'Sales Manager', 'Sales & Co.'),
('Victoria', 'Carter', 'victoria.carter@gmail.com', '1990-05-15', 'Glasgow', 'Scotland', 'Legal Advisor', 'Legal Experts Ltd.'),
('David', 'Morris', 'david.morris@gmail.com', '1989-10-26', 'Cardiff', 'Wales', 'Software Developer', 'IT Solutions'),
('Zoe', 'Perez', 'zoe.perez@gmail.com', '1983-12-14', 'Belfast', 'Northern Ireland', 'Engineer', 'Energy Solutions'),
('James', 'Walker', 'james.walker@hotmail.com', '1988-07-09', 'Edinburgh', 'Scotland', 'HR Manager', 'HR Services GmbH'),
('Matthew', 'Hill', 'matthew.hill@gmail.com', '1982-06-02', 'Liverpool', 'UK', 'Accountant', 'Finance Solutions'),
('Daniela', 'Carter', 'daniela.carter@gmail.com', '1985-03-18', 'Dublin', 'Ireland', 'Customer Service Manager', 'CustomerCare Ltd.'),
('Sophie', 'Wright', 'sophie.wright@gmail.com', '1979-09-11', 'Cardiff', 'Wales', 'Supply Chain Manager', 'Logistics Inc.'),
('Oliver', 'Moore', 'oliver.moore@gmail.com', '1991-01-24', 'London', 'UK', 'Operations Manager', 'OpsCo.'),
('Harry', 'King', 'harry.king@gmail.com', '1986-08-06', 'Manchester', 'UK', 'Consultant', 'Consulting Partners'),
('Max', 'Hughes', 'max.hughes@gmail.com', '1981-11-30', 'Dublin', 'Ireland', 'IT Specialist', 'Tech Solutions'),
('Lucas', 'Collins', 'lucas.collins@gmail.com', '1984-04-12', 'Belfast', 'Northern Ireland', 'Finance Analyst', 'Finance Analytics Ltd.'),
('Charlotte', 'Gonzalez', 'charlotte.gonzalez@gmail.com', '1980-07-20', 'Brighton', 'UK', 'Brand Manager', 'Branding Co.'),
('Henry', 'Phillips', 'henry.phillips@gmail.com', '1985-10-04', 'London', 'UK', 'Marketing Manager', 'Global Marketing GmbH'),
('Grace', 'Martinez', 'grace.martinez@gmail.com', '1990-03-17', 'Leeds', 'UK', 'HR Coordinator', 'HR Solutions'),
('Zoe', 'Roberts', 'zoe.roberts@gmail.com', '1978-08-16', 'Dublin', 'Ireland', 'Project Leader', 'Construction Corp.'),
('Daniel', 'Nelson', 'daniel.nelson@gmail.com', '1986-05-30', 'Belfast', 'Northern Ireland', 'Sales Director', 'Sales & Marketing Ltd.'),
('Julia', 'Cameron', 'julia.cameron@gmail.com', '1982-02-25', 'Glasgow', 'Scotland', 'Graphic Designer', 'Design Innovations GmbH'),
('Benjamin', 'Roberts', 'benjamin.roberts@gmail.com', '1991-11-06', 'London', 'UK', 'Financial Advisor', 'Finance Consulting'),
('Ella', 'Parker', 'ella.parker@gmail.com', '1989-09-08', 'Dublin', 'Ireland', 'Software Engineer', 'TechCorp Ltd.'),
('Thomas', 'Ross', 'thomas.ross@gmail.com', '1977-03-28', 'Brighton', 'UK', 'Operations Director', 'Operations Group'),
('William', 'Lopez', 'william.lopez@gmail.com', '1983-01-22', 'Leeds', 'UK', 'IT Consultant', 'IT Services GmbH'),
('Amelia', 'Graham', 'amelia.graham@gmail.com', '1988-06-14', 'Manchester', 'UK', 'Marketing Specialist', 'Marketing Experts Ltd.'),
('Charlie', 'Reid', 'charlie.reid@gmail.com', '1981-12-01', 'Belfast', 'Northern Ireland', 'Customer Relations Manager', 'Customer Solutions'),
('Nora', 'Bennett', 'nora.bennett@gmail.com', '1986-04-10', 'Cardiff', 'Wales', 'Public Relations Specialist', 'PR Solutions'),
('Max', 'Simpson', 'max.simpson@gmail.com', '1990-09-19', 'Belfast', 'Northern Ireland', 'Product Manager', 'Product Innovations GmbH'),
('Eliza', 'Jenkins', 'eliza.jenkins@gmail.com', '1979-07-13', 'Leeds', 'UK', 'Operations Consultant', 'Consulting Solutions'),
('Lily', 'Fowler', 'lily.fowler@gmail.com', '1991-03-29', 'Manchester', 'UK', 'Business Analyst', 'Business Corp.'),
('James', 'Cooper', 'james.cooper@gmail.com', '1987-10-23', 'London', 'UK', 'Human Resources Manager', 'HR Group'),
('Daniel', 'Bailey', 'daniel.bailey@gmail.com', '1985-11-18', 'Dublin', 'Ireland', 'Sales Consultant', 'SalesPro GmbH'),
('Emily', 'Edwards', 'emily.edwards@gmail.com', '1992-02-03', 'Belfast', 'Northern Ireland', 'Business Consultant', 'Consulting Group'),
('James', 'Davidson', 'james.davidson@gmail.com', '1978-08-04', 'London', 'UK', 'IT Manager', 'Tech Solutions Ltd.'),
('Julia', 'Peters', 'julia.peters@gmail.com', '1984-07-27', 'Brighton', 'UK', 'Supply Chain Specialist', 'Logistics Solutions'),
('Dalas', 'Michan', 'Dalas.michan@gmail.com', '1983-10-15', 'Edinburgh', 'Scotland', 'Legal Advisor', 'Legal Experts GmbH'),
('Alice', 'Wilson', 'alice.wilson@gmail.com', '1990-06-05', 'London', 'UK', 'Customer Service Specialist', 'Customer Care Inc.'),
('Benjamin', 'Howard', 'benjamin.howard@gmail.com', '1989-01-21', 'Cardiff', 'Wales', 'Software Architect', 'Tech Innovators'),
('Anna', 'Roberts', 'anna.roberts@gmail.com', '1979-09-28', 'Belfast', 'Northern Ireland', 'Business Development Manager', 'Business Development Ltd.'),
('Nicholas', 'Evans', 'nicholas.evans@gmail.com', '1981-11-09', 'Liverpool', 'UK', 'Finance Manager', 'FinancePro GmbH'),
('Joseph', 'Miller', 'joseph.miller@gmail.com', '1992-03-04', 'Manchester', 'UK', 'HR Specialist', 'HR Services Ltd.'),
('Jack', 'Jackson', 'jack.jackson@gmail.com', '1987-05-16', 'Dublin', 'Ireland', 'Operations Manager', 'Operations Solutions'),
('John', 'Stewart', 'john.stewart@gmail.com', '1982-02-17', 'Brighton', 'UK', 'Legal Consultant', 'Law Consulting'),
('Emily', 'Kerr', 'emily.kerr@gmail.com', '1990-12-30', 'Cardiff', 'Wales', 'Marketing Director', 'Global Marketing GmbH');


# Sessions Entity
CREATE TABLE Sessions (
    session_id INT NOT NULL AUTO_INCREMENT,
    speaker_id INT NOT NULL,
    title VARCHAR(100) NOT NULL UNIQUE,
    session_type VARCHAR(50) NOT NULL,
    descriptions VARCHAR(500) NOT NULL,
    PRIMARY KEY(session_id),
    FOREIGN KEY(speaker_id) REFERENCES Speakers(speaker_id)
);


INSERT INTO Sessions (
speaker_ID,
title,
session_type,
descriptions
)
VALUES
(1, 'Leadership in the 21st Century', 'Workshop', 'An interactive workshop on modern leadership strategies and practices.'),
(2, 'Innovative Thinking for Business Growth', 'Seminar', 'A seminar on fostering innovation in businesses to drive growth and success.'),
(3, 'Digital Marketing Mastery', 'Webinar', 'A webinar covering the essentials of digital marketing, including SEO, social media, and content marketing.'),
(4, 'Mastering Public Speaking', 'Workshop', 'A hands-on workshop designed to help participants overcome the fear of public speaking and deliver effective presentations.'),
(5, 'Building a Successful Startup', 'Seminar', 'A seminar focused on the key steps and challenges in launching and growing a successful startup.'),
(6, 'Financial Planning for the Future', 'Workshop', 'A workshop providing practical strategies for long-term financial planning and wealth management.'),
(5, 'Startup Success: Navigating the Entrepreneurial Journey', 'Seminar', 'A seminar on strategies to improve workplace culture, employee engagement, and retention.'),
(2, 'Innovative Creativity: Sparking Creative Solutions', 'Webinar', 'Explore techniques to ignite creativity and drive innovation in your organization. Led by an expert innovator, this webinar will help you develop a mindset for continuous improvement and breakthrough ideas.'),
(4, 'Confidence and Clarity on Stage', 'Workshop', 'Enhance your public speaking skills with hands-on techniques from an expert communicator. This workshop will help you build confidence, refine your message, and engage any audience effectively.'),
(1, 'Leadership Essentials: Inspiring and Empowering Your Team', 'Seminar', 'Discover the core elements of effective leadership with insights from a seasoned leader who has guided diverse teams to success. This seminar will focus on strategies for motivating and empowering your team, fostering a positive work culture, and driving performance. Perfect for current and aspiring leaders looking to enhance their influence and impact.'),
(5, 'From Vision to Venture: Mastering the Art of Entrepreneurship', 'Seminar', 'Join us for an inspiring seminar led by a seasoned entrepreneur with a track record of transforming innovative ideas into thriving businesses. Learn how to develop a compelling vision, secure funding, build a strong team, and navigate the complexities of the startup ecosystem. This seminar is designed for those ready to embrace the entrepreneurial mindset and turn their passion into a successful business. Perfect for aspiring founders and experienced business leaders alike.'),
(2, 'Innovation in Action: Turning Ideas into Impact', 'Seminar', 'Learn how to transform innovative ideas into tangible results with guidance from a leading expert in innovation. This seminar focuses on practical strategies for implementing and sustaining innovation within your team or company.'),
(5, 'The Entrepreneur’s Playbook: Building a Business from Scratch', 'Webinar', 'Learn the key principles of launching and growing a successful business from an expert entrepreneur with years of experience in the startup world. This webinar will offer practical advice on everything from idea validation to scaling operations, equipping you with the tools needed to thrive in today’s competitive landscape. Ideal for anyone eager to turn their entrepreneurial dreams into reality.');


# Venues Entity
CREATE TABLE Venues (
    venue_id INT NOT NULL AUTO_INCREMENT,
    name VARCHAR(100) NOT NULL,
    address VARCHAR(100) NOT NULL,
    city VARCHAR(100) NOT NULL,
    country VARCHAR(100) NOT NULL,
    capacity INT NOT NULL,
    PRIMARY KEY(venue_id)
);

INSERT INTO Venues (
name,
address,
city,
country,
capacity
)
VALUES 
('Sofia Tech Park', '111 Tsarigradsko Shose Blvd', 'Sofia', 'Bulgaria', 50), 
('Lisbon Innovation Hub', 'Av. da Liberdade 144', 'Lisbon', 'Portugal', 35), 
('Amsterdam Conference Center', 'Europaplein 24', 'Amsterdam', 'Netherlands', 60), 
('Stockholm Future Hub', 'Sveavägen 17', 'Stockholm', 'Sweden', 40), 
('Barcelona Digital Forum', 'Gran Via de les Corts Catalanes 500', 'Barcelona', 'Spain', 55);


# Schedule Entity
CREATE TABLE Schedule (
    event_id INT NOT NULL AUTO_INCREMENT,
    session_id INT NOT NULL,
    venue_id INT NOT NULL,
    start_time DATETIME NOT NULL,
    end_time DATETIME NOT NULL,
    PRIMARY KEY(event_id),
    FOREIGN KEY(session_id) REFERENCES Sessions(session_id),
    FOREIGN KEY(venue_id) REFERENCES Venues(venue_id)
);


INSERT INTO Schedule (
event_id,
session_id,
venue_id,
start_time,
end_time)
VALUES
(1, 10, 1, '2024-09-01 09:00', '2024-09-01 11:00'),
(2, 13, 2, '2024-09-02 10:00', '2024-09-02 12:00'),
(3, 12, 4, '2024-09-03 14:00', '2024-09-03 16:00'),
(4, 13, 4, '2024-09-04 09:00', '2024-09-04 11:00'),
(5, 2, 3, '2024-09-05 10:00', '2024-09-05 12:00'),
(6, 6, 1, '2024-09-06 14:00', '2024-09-06 16:00'),
(7, 3, 5, '2024-09-07 09:00', '2024-09-07 11:00'),
(8, 13, 2, '2024-09-08 10:00', '2024-09-08 12:00'),
(9, 5, 4, '2024-09-09 14:00', '2024-09-09 16:00'),
(10, 1, 5, '2024-09-10 09:00', '2024-09-10 11:00'),
(11, 2, 1, '2024-09-11 10:00', '2024-09-11 12:00'),
(12, 9, 2, '2024-09-12 14:00', '2024-09-12 16:00'),
(13, 2, 1, '2024-09-13 09:00', '2024-09-13 11:00'),
(14, 10, 5, '2024-09-14 10:00', '2024-09-14 12:00'),
(15, 7, 2, '2024-09-15 09:00', '2024-09-15 11:00'),
(16, 11, 5, '2024-09-16 14:00', '2024-09-16 16:00'),
(17, 12, 2, '2024-09-17 09:00', '2024-09-17 11:00'),
(18, 13, 3, '2024-09-18 10:00', '2024-09-18 12:00'),
(19, 4, 2, '2024-09-19 14:00', '2024-09-19 16:00'),
(20, 8, 1, '2024-09-20 09:00', '2024-09-20 11:00');


# Registrations Entity
CREATE TABLE Registrations (
    registration_id INT NOT NULL AUTO_INCREMENT,
    attendee_id INT NOT NULL,
    event_id INT NOT NULL,
    registration_date DATETIME NOT NULL,
    PRIMARY KEY(registration_id),
    FOREIGN KEY(attendee_id) REFERENCES Attendees(attendee_id),
    FOREIGN KEY(event_id) REFERENCES Schedule(event_id)
);


INSERT INTO Registrations (
attendee_id,
event_id,
registration_date
)
VALUES
(49, 7, '2023-08-29 18:03'),
(44, 6, '2023-08-05 20:39'),
(56, 11, '2023-08-14 12:42'),
(6, 14, '2023-08-27 19:41'),
(60, 17, '2023-07-29 13:57'),
(4, 12, '2023-08-25 10:17'),
(52, 10, '2023-08-25 08:56'),
(34, 13, '2023-09-03 12:26'),
(68, 14, '2023-08-27 13:36'),
(25, 4, '2023-08-13 23:29'),
(32, 2, '2023-08-28 02:24'),
(21, 8, '2023-08-24 09:59'),
(46, 2, '2023-08-18 19:15'),
(58, 3, '2023-07-29 03:45'),
(66, 7, '2023-08-01 04:23'),
(27, 18, '2023-08-02 07:53'),
(26, 1, '2023-08-06 07:55'),
(42, 2, '2023-08-25 05:58'),
(30, 14, '2023-07-27 00:48'),
(25, 19, '2023-07-25 02:26'),
(54, 6, '2023-09-02 21:35'),
(23, 7, '2023-08-02 22:04'),
(8, 17, '2023-08-03 11:44'),
(28, 15, '2023-08-05 09:15'),
(69, 12, '2023-08-14 01:33'),
(52, 1, '2023-08-18 18:43'),
(68, 7, '2023-08-06 20:16'),
(67, 2, '2023-09-06 02:22'),
(37, 4, '2023-08-13 04:16'),
(50, 8, '2023-08-30 02:05'),
(64, 8, '2023-07-29 20:09'),
(21, 11, '2023-08-06 05:16'),
(44, 8, '2023-08-03 12:40'),
(5, 13, '2023-09-03 16:01'),
(18, 18, '2023-09-04 22:22'),
(35, 18, '2023-08-20 06:40'),
(29, 7, '2023-08-22 11:35'),
(12, 6, '2023-09-06 09:24'),
(7, 15, '2023-08-26 09:55'),
(57, 11, '2023-08-18 17:31'),
(1, 10, '2023-08-18 14:55'),
(40, 20, '2023-07-29 21:53'),
(19, 18, '2023-08-22 01:23'),
(38, 20, '2023-08-04 20:00'),
(2, 2, '2023-08-15 07:04'),
(41, 18, '2023-07-27 15:45'),
(69, 20, '2023-07-28 22:12'),
(13, 3, '2023-08-23 13:00'),
(42, 4, '2023-08-27 13:12'),
(18, 7, '2023-08-24 23:26'),
(18, 18, '2023-08-21 14:03'),
(25, 14, '2023-08-21 14:01'),
(31, 8, '2023-08-04 11:43'),
(12, 18, '2023-08-21 10:34'),
(24, 13, '2023-08-18 23:34'),
(45, 6, '2023-07-28 00:22'),
(9, 14, '2023-08-06 21:37'),
(48, 14, '2023-08-20 15:11'),
(45, 18, '2023-08-01 15:06'),
(26, 1, '2023-09-06 17:32'),
(57, 7, '2023-08-19 08:43'),
(57, 11, '2023-08-23 05:38'),
(49, 3, '2023-07-29 11:57'),
(43, 4, '2023-08-02 20:47'),
(36, 11, '2023-07-27 08:50'),
(4, 17, '2023-08-28 12:56'),
(20, 13, '2023-07-25 13:04'),
(41, 17, '2023-08-16 00:44'),
(37, 12, '2023-08-12 10:16'),
(63, 18, '2023-07-30 06:33'),
(53, 4, '2023-09-01 00:18'),
(22, 13, '2023-07-29 18:19'),
(28, 17, '2023-08-08 12:47'),
(6, 3, '2023-08-24 17:03'),
(17, 6, '2023-08-22 01:35'),
(57, 7, '2023-08-28 01:51'),
(61, 16, '2023-08-12 06:51'),
(1, 14, '2023-08-24 23:04'),
(11, 1, '2023-08-31 16:45'),
(57, 16, '2023-08-06 23:01'),
(56, 17, '2023-08-09 10:45'),
(3, 19, '2023-07-25 19:01'),
(62, 18, '2023-08-14 09:24'),
(69, 16, '2023-08-23 02:50'),
(59, 1, '2023-07-29 14:31'),
(11, 3, '2023-08-28 21:27'),
(51, 12, '2023-08-24 06:43'),
(56, 12, '2023-08-10 04:34'),
(30, 10, '2023-08-11 14:41'),
(40, 14, '2023-08-06 03:27'),
(30, 17, '2023-09-01 05:31'),
(4, 8, '2023-08-23 09:00'),
(47, 20, '2023-08-09 19:41'),
(7, 1, '2023-08-07 11:05'),
(38, 18, '2023-08-27 02:53'),
(63, 10, '2023-07-31 15:02'),
(12, 14, '2023-08-28 13:06'),
(39, 12, '2023-07-25 15:56'),
(60, 14, '2023-08-27 07:12'),
(15, 13, '2023-08-07 05:20'),
(38, 1, '2023-08-29 12:36'),
(27, 14, '2023-07-25 06:08'),
(3, 14, '2023-09-06 09:09'),
(65, 4, '2023-07-26 04:33'),
(16, 14, '2023-08-05 09:35'),
(61, 9, '2023-09-04 20:33'),
(23, 18, '2023-08-13 11:25'),
(42, 15, '2023-08-02 04:26'),
(28, 11, '2023-08-16 20:34'),
(12, 15, '2023-09-03 00:36'),
(19, 14, '2023-08-21 23:35'),
(70, 18, '2023-07-29 11:03'),
(65, 13, '2023-08-21 15:29'),
(69, 2, '2023-09-02 11:37'),
(35, 17, '2023-08-14 14:58'),
(10, 9, '2023-07-27 12:22'),
(19, 17, '2023-08-01 07:07'),
(65, 6, '2023-08-02 13:01'),
(55, 14, '2023-09-05 21:54'),
(64, 13, '2023-09-06 08:39'),
(27, 19, '2023-07-29 21:42'),
(7, 2, '2023-07-29 05:20'),
(58, 1, '2023-08-08 22:15'),
(15, 13, '2023-08-06 02:36'),
(25, 18, '2023-07-25 13:21'),
(14, 18, '2023-08-28 19:02'),
(38, 5, '2023-08-01 18:11'),
(70, 15, '2023-09-04 15:00'),
(51, 12, '2023-08-29 23:44'),
(33, 12, '2023-09-04 07:29'),
(61, 8, '2023-08-30 20:31'),
(22, 5, '2023-08-10 21:22'),
(63, 16, '2023-08-03 00:48'),
(69, 17, '2023-08-29 23:25'),
(14, 12, '2023-08-04 18:12'),
(24, 4, '2023-07-29 09:23'),
(57, 16, '2023-08-30 01:23'),
(7, 11, '2023-09-02 18:54'),
(56, 16, '2023-07-25 15:45'),
(6, 15, '2023-08-30 11:23'),
(55, 11, '2023-07-30 01:39'),
(29, 20, '2023-08-19 19:56'),
(54, 8, '2023-07-24 22:26'),
(52, 19, '2023-08-24 20:39'),
(41, 15, '2023-08-30 22:41'),
(31, 9, '2023-07-24 10:12'),
(17, 7, '2023-09-05 15:05'),
(67, 14, '2023-09-01 22:47'),
(23, 9, '2023-08-09 17:08'),
(30, 7, '2023-08-07 22:05'),
(51, 1, '2023-08-30 08:11'),
(31, 8, '2023-07-31 17:50'),
(39, 11, '2023-07-31 18:04'),
(39, 15, '2023-08-18 18:26'),
(3, 8, '2023-08-01 04:46'),
(3, 17, '2023-08-09 13:28'),
(13, 16, '2023-09-05 19:48'),
(27, 4, '2023-07-26 13:32'),
(59, 15, '2023-08-11 21:02'),
(28, 3, '2023-08-27 07:29'),
(49, 4, '2023-08-12 05:54'),
(37, 1, '2023-08-23 10:37'),
(18, 14, '2023-08-28 06:59'),
(33, 14, '2023-07-25 16:14'),
(61, 4, '2023-07-25 09:03'),
(39, 16, '2023-08-16 00:39'),
(10, 1, '2023-08-05 06:51'),
(16, 4, '2023-08-09 14:53'),
(40, 17, '2023-08-16 04:15'),
(62, 7, '2023-07-24 13:17'),
(60, 15, '2023-08-01 15:20'),
(24, 17, '2023-08-25 02:56'),
(44, 5, '2023-08-16 05:41'),
(8, 10, '2023-08-19 11:39'),
(25, 20, '2023-08-09 06:04'),
(52, 14, '2023-08-24 21:42'),
(53, 8, '2023-08-07 18:55'),
(29, 11, '2023-08-01 13:08'),
(14, 19, '2023-08-24 01:53'),
(20, 3, '2023-07-31 13:32'),
(34, 12, '2023-09-05 15:14'),
(1, 7, '2023-07-31 04:53'),
(57, 9, '2023-08-27 11:29'),
(29, 8, '2023-09-04 01:46'),
(17, 2, '2023-09-04 22:30'),
(62, 14, '2023-09-04 05:26'),
(54, 19, '2023-08-13 12:31'),
(59, 17, '2023-09-03 23:27'),
(37, 2, '2023-07-25 07:25'),
(68, 6, '2023-08-17 05:52'),
(61, 7, '2023-07-29 17:23'),
(67, 20, '2023-08-23 19:24'),
(50, 10, '2023-07-24 06:37'),
(28, 12, '2023-08-10 22:23'),
(7, 16, '2023-09-06 09:03'),
(66, 6, '2023-08-02 05:39'),
(48, 17, '2023-08-07 20:30'),
(49, 8, '2023-08-08 13:05'),
(48, 16, '2023-08-20 11:31'),
(63, 7, '2023-08-15 00:02'),
(35, 18, '2023-08-27 23:03'),
(19, 2, '2023-08-10 06:32'),
(32, 13, '2023-08-03 20:07'),
(1, 8, '2023-09-01 18:00'),
(70, 16, '2023-09-04 07:35'),
(39, 12, '2023-08-19 09:40'),
(41, 11, '2023-07-27 19:24'),
(48, 6, '2023-08-09 09:22'),
(62, 14, '2023-08-19 18:46'),
(48, 19, '2023-08-18 07:16'),
(43, 14, '2023-09-05 14:29'),
(51, 20, '2023-08-14 13:45'),
(7, 2, '2023-08-19 01:57'),
(44, 11, '2023-08-18 11:03'),
(49, 15, '2023-07-25 17:16'),
(16, 20, '2023-08-20 09:45'),
(12, 15, '2023-09-05 00:06'),
(52, 8, '2023-08-16 02:03'),
(2, 10, '2023-08-15 06:42'),
(15, 9, '2023-08-25 14:49'),
(17, 8, '2023-07-27 17:52'),
(28, 6, '2023-09-06 08:12'),
(1, 2, '2023-08-30 05:45'),
(15, 6, '2023-08-06 20:22'),
(47, 14, '2023-07-29 12:37'),
(68, 16, '2023-07-24 04:03'),
(37, 19, '2023-08-31 22:02'),
(44, 1, '2023-08-10 21:21'),
(10, 20, '2023-08-14 07:32'),
(48, 18, '2023-09-06 00:57'),
(64, 20, '2023-08-04 12:38'),
(54, 10, '2023-07-31 04:55'),
(35, 13, '2023-09-02 22:04'),
(49, 13, '2023-09-05 21:02'),
(67, 4, '2023-08-27 19:22'),
(68, 4, '2023-08-24 18:02'),
(4, 18, '2023-08-19 02:02'),
(42, 13, '2023-08-22 21:31'),
(6, 7, '2023-08-16 21:41'),
(23, 10, '2023-08-02 20:01'),
(50, 12, '2023-08-01 14:43'),
(44, 5, '2023-08-12 08:29'),
(33, 8, '2023-08-21 19:48'),
(65, 12, '2023-08-16 20:57'),
(30, 17, '2023-08-03 13:13'),
(19, 11, '2023-08-31 22:07'),
(36, 5, '2023-08-01 13:21'),
(25, 14, '2023-08-19 04:02'),
(24, 18, '2023-08-07 12:23'),
(43, 2, '2023-08-28 02:23'),
(37, 3, '2023-09-01 11:48'),
(69, 17, '2023-09-06 09:14'),
(55, 14, '2023-08-19 04:01'),
(6, 10, '2023-08-07 12:02'),
(30, 17, '2023-08-07 22:14'),
(17, 8, '2023-08-20 05:56'),
(51, 16, '2023-07-30 11:29'),
(44, 18, '2023-08-07 21:23'),
(42, 6, '2023-08-03 12:03'),
(44, 7, '2023-09-06 21:36'),
(50, 18, '2023-08-18 20:54'),
(34, 14, '2023-07-27 07:09'),
(59, 12, '2023-07-25 02:54'),
(44, 6, '2023-08-30 21:15'),
(42, 14, '2023-08-13 22:32'),
(30, 15, '2023-08-06 02:46'),
(46, 4, '2023-08-25 15:13'),
(29, 19, '2023-08-08 01:44'),
(66, 20, '2023-08-03 18:09'),
(18, 11, '2023-08-23 23:41'),
(22, 20, '2023-08-16 23:08'),
(51, 13, '2023-07-24 05:01'),
(69, 12, '2023-07-27 05:26'),
(59, 4, '2023-08-01 02:47'),
(52, 12, '2023-08-08 20:11'),
(19, 3, '2023-08-07 08:10'),
(13, 20, '2023-08-08 01:12'),
(59, 1, '2023-09-02 04:29'),
(16, 15, '2023-07-29 11:08'),
(39, 3, '2023-08-28 13:25'),
(64, 16, '2023-08-02 12:21'),
(70, 3, '2023-08-24 03:14'),
(36, 12, '2023-08-05 04:06'),
(16, 7, '2023-08-02 22:58'),
(53, 5, '2023-08-14 01:58'),
(31, 13, '2023-08-06 13:16'),
(33, 8, '2023-08-13 17:37'),
(54, 7, '2023-08-15 04:15'),
(39, 3, '2023-09-04 17:23'),
(13, 1, '2023-08-11 13:07'),
(40, 6, '2023-09-05 05:09'),
(38, 7, '2023-08-31 16:33'),
(18, 14, '2023-08-27 09:47'),
(3, 2, '2023-07-29 04:04'),
(6, 10, '2023-07-30 02:14'),
(10, 8, '2023-08-20 11:32'),
(55, 19, '2023-08-22 08:01'),
(1, 15, '2023-07-31 21:40'),
(17, 5, '2023-08-02 09:18'),
(40, 15, '2023-08-04 23:15');


# Reviews Entity
CREATE TABLE Reviews (
    review_id INT NOT NULL AUTO_INCREMENT,
    registration_id INT NOT NULL,
    rating INT NOT NULL,
    review_date DATETIME NOT NULL,
    CONSTRAINT chk_rating CHECK (rating >=1 AND rating <= 5),
    PRIMARY KEY(review_id),
    FOREIGN KEY(registration_id) REFERENCES Registrations(registration_id)
);

INSERT INTO Reviews (
registration_id,
rating,
review_date
)
VALUES
(1, 5, '2024-09-08 09:07'),
(2, 2, '2024-09-06 23:44'),
(3, 5, '2024-09-11 23:50'),
(4, 3, '2024-09-14 17:36'),
(5, 4, '2024-09-19 03:20'),
(6, 1, '2024-09-14 15:42'),
(7, 1, '2024-09-06 08:55'),
(8, 5, '2024-09-02 17:46'),
(9, 5, '2024-09-10 08:36'),
(10, 5, '2024-09-04 13:50'),
(11, 3, '2024-09-08 23:37'),
(12, 4, '2024-09-19 20:47'),
(13, 4, '2024-09-03 04:19'),
(14, 5, '2024-09-04 11:48'),
(15, 5, '2024-09-21 02:06'),
(16, 4, '2024-09-07 07:48'),
(17, 2, '2024-09-07 19:51'),
(18, 2, '2024-09-18 11:33'),
(19, 2, '2024-09-16 06:36'),
(20, 3, '2024-09-14 05:08'),
(21, 2, '2024-09-01 11:45'),
(22, 1, '2024-09-07 22:22'),
(23, 5, '2024-09-04 03:50'),
(24, 2, '2024-09-05 18:51'),
(25, 3, '2024-09-09 23:55'),
(26, 2, '2024-09-09 10:58'),
(27, 5, '2024-09-12 03:20'),
(28, 3, '2024-09-08 21:47'),
(29, 1, '2024-09-13 13:13'),
(30, 4, '2024-09-20 06:44'),
(31, 4, '2024-09-08 06:38'),
(32, 4, '2024-09-15 22:14'),
(33, 4, '2024-09-12 16:13'),
(34, 2, '2024-09-11 13:04'),
(35, 1, '2024-09-22 04:40'),
(36, 1, '2024-09-19 05:24'),
(37, 2, '2024-09-20 13:01'),
(38, 2, '2024-09-04 06:32'),
(39, 2, '2024-09-20 08:30'),
(40, 2, '2024-09-05 15:37'),
(41, 4, '2024-09-05 20:07'),
(42, 2, '2024-09-08 09:10'),
(43, 3, '2024-09-20 06:20'),
(44, 1, '2024-09-16 08:28'),
(45, 2, '2024-09-10 01:34'),
(46, 4, '2024-09-19 03:56'),
(47, 1, '2024-09-15 10:06'),
(48, 1, '2024-09-08 06:55'),
(49, 1, '2024-09-14 20:16'),
(50, 4, '2024-09-15 18:24'),
(51, 5, '2024-09-19 17:31'),
(52, 3, '2024-09-01 23:51'),
(53, 2, '2024-09-08 10:29'),
(54, 2, '2024-09-13 03:23'),
(55, 5, '2024-09-05 14:41'),
(56, 3, '2024-09-06 01:56'),
(57, 1, '2024-09-12 04:00'),
(58, 1, '2024-09-17 11:42'),
(59, 5, '2024-09-13 22:53'),
(60, 3, '2024-09-17 23:40'),
(61, 4, '2024-09-14 04:13'),
(62, 2, '2024-09-19 14:21'),
(63, 3, '2024-09-05 13:14'),
(64, 4, '2024-09-14 08:44'),
(65, 5, '2024-09-03 23:20'),
(66, 2, '2024-09-06 21:14'),
(67, 2, '2024-09-07 19:58'),
(68, 3, '2024-09-16 18:19'),
(69, 1, '2024-09-15 09:36'),
(70, 1, '2024-09-02 04:27'),
(71, 3, '2024-09-18 03:50'),
(72, 2, '2024-09-20 17:39'),
(73, 3, '2024-09-17 17:05'),
(74, 2, '2024-09-02 00:37'),
(75, 3, '2024-09-04 07:16'),
(76, 3, '2024-09-13 14:59'),
(77, 3, '2024-09-14 09:06'),
(78, 2, '2024-09-12 02:14'),
(79, 1, '2024-09-16 08:23'),
(80, 3, '2024-09-18 17:08'),
(81, 1, '2024-09-09 21:18'),
(82, 5, '2024-09-20 11:36'),
(83, 1, '2024-09-02 18:23'),
(84, 2, '2024-09-18 22:22'),
(85, 4, '2024-09-10 11:22'),
(86, 3, '2024-09-16 11:42'),
(87, 5, '2024-09-14 01:42'),
(88, 5, '2024-09-14 16:16'),
(89, 2, '2024-09-15 10:06'),
(90, 2, '2024-09-03 01:28'),
(91, 3, '2024-09-16 04:13'),
(92, 1, '2024-09-15 15:07'),
(93, 2, '2024-09-06 01:02'),
(94, 3, '2024-09-16 07:22'),
(95, 5, '2024-09-10 09:27'),
(96, 2, '2024-09-19 04:02'),
(97, 3, '2024-09-12 14:59'),
(98, 3, '2024-09-16 11:06'),
(99, 5, '2024-09-15 03:48'),
(100, 3, '2024-09-18 14:58'),
(101, 2, '2024-09-13 21:08'),
(102, 3, '2024-09-03 13:02'),
(103, 1, '2024-09-07 21:05'),
(104, 5, '2024-09-16 08:16'),
(105, 1, '2024-09-13 17:03'),
(106, 2, '2024-09-21 13:41'),
(107, 2, '2024-09-03 03:49'),
(108, 4, '2024-09-01 14:01'),
(109, 3, '2024-09-14 16:15'),
(110, 2, '2024-09-20 10:36'),
(111, 5, '2024-09-07 00:05'),
(112, 3, '2024-09-16 21:50'),
(113, 2, '2024-09-13 04:36'),
(114, 3, '2024-09-12 23:52'),
(115, 5, '2024-09-09 01:10'),
(116, 3, '2024-09-06 16:57'),
(117, 4, '2024-09-07 23:52'),
(118, 2, '2024-09-14 17:14'),
(119, 3, '2024-09-07 22:57'),
(120, 4, '2024-09-14 06:52'),
(121, 5, '2024-09-16 02:30'),
(122, 4, '2024-09-13 18:42'),
(123, 1, '2024-09-18 13:07'),
(124, 2, '2024-09-05 22:40'),
(125, 3, '2024-09-17 00:43'),
(126, 4, '2024-09-20 21:45'),
(127, 5, '2024-09-12 00:15'),
(128, 1, '2024-09-04 12:38'),
(129, 3, '2024-09-11 19:30'),
(130, 2, '2024-09-06 09:25'),
(131, 5, '2024-09-17 21:00'),
(132, 1, '2024-09-02 02:08'),
(133, 4, '2024-09-03 23:04'),
(134, 2, '2024-09-12 09:45'),
(135, 3, '2024-09-01 15:38'),
(136, 4, '2024-09-14 19:01'),
(137, 2, '2024-09-05 06:40'),
(138, 1, '2024-09-16 06:53'),
(139, 5, '2024-09-09 11:30'),
(140, 3, '2024-09-20 10:10'),
(141, 1, '2024-09-10 01:11'),
(142, 4, '2024-09-15 03:25'),
(143, 2, '2024-09-14 22:57'),
(144, 5, '2024-09-11 23:40'),
(145, 3, '2024-09-07 03:15'),
(146, 4, '2024-09-09 09:45'),
(147, 1, '2024-09-17 08:52'),
(148, 3, '2024-09-13 16:34'),
(149, 5, '2024-09-05 17:12'),
(150, 4, '2024-09-08 11:04'),
(151, 2, '2024-09-02 20:55'),
(152, 5, '2024-09-12 01:48'),
(153, 1, '2024-09-03 06:40'),
(154, 4, '2024-09-10 04:51'),
(155, 3, '2024-09-11 14:40'),
(156, 5, '2024-09-13 19:50'),
(157, 2, '2024-09-08 03:47'),
(158, 4, '2024-09-17 13:10'),
(159, 1, '2024-09-02 11:36'),
(160, 3, '2024-09-19 05:57'),
(161, 5, '2024-09-03 08:14'),
(162, 1, '2024-09-14 04:33'),
(163, 2, '2024-09-07 00:12'),
(164, 4, '2024-09-09 13:59'),
(165, 3, '2024-09-20 16:45'),
(166, 5, '2024-09-14 07:27'),
(167, 1, '2024-09-01 08:29'),
(168, 2, '2024-09-18 01:58'),
(169, 4, '2024-09-11 05:32'),
(170, 3, '2024-09-17 20:50'),
(171, 5, '2024-09-10 02:22'),
(172, 1, '2024-09-05 23:00'),
(173, 2, '2024-09-16 13:15'),
(174, 3, '2024-09-04 19:40'),
(175, 5, '2024-09-20 04:35'),
(176, 4, '2024-09-03 19:12'),
(177, 2, '2024-09-19 21:06'),
(178, 1, '2024-09-07 10:29'),
(179, 3, '2024-09-02 13:55'),
(180, 5, '2024-09-01 17:13'),
(181, 4, '2024-09-06 03:10'),
(182, 2, '2024-09-13 01:26'),
(183, 3, '2024-09-08 19:22'),
(184, 5, '2024-09-17 01:47'),
(185, 1, '2024-09-03 04:00'),
(186, 4, '2024-09-05 01:02'),
(187, 3, '2024-09-11 22:08'),
(188, 2, '2024-09-14 09:05'),
(189, 5, '2024-09-02 15:39'),
(190, 1, '2024-09-07 19:20'),
(191, 4, '2024-09-13 17:54'),
(192, 3, '2024-09-10 22:01'),
(193, 5, '2024-09-05 13:30'),
(194, 1, '2024-09-06 22:50'),
(195, 4, '2024-09-19 23:25'),
(196, 2, '2024-09-15 01:12'),
(197, 5, '2024-09-09 18:40'),
(198, 3, '2024-09-17 18:45'),
(199, 4, '2024-09-02 09:01'),
(200, 1, '2024-09-10 08:45'),
(201, 2, '2024-09-04 11:15'),
(202, 3, '2024-09-08 23:11'),
(203, 4, '2024-09-12 10:30'),
(204, 5, '2024-09-14 08:12'),
(205, 1, '2024-09-18 07:24'),
(206, 2, '2024-09-06 14:39'),
(207, 4, '2024-09-03 02:14'),
(208, 5, '2024-09-15 20:04'),
(209, 1, '2024-09-11 00:06'),
(210, 2, '2024-09-02 17:47'),
(211, 4, '2024-09-08 05:09'),
(212, 5, '2024-09-17 03:32'),
(213, 3, '2024-09-16 23:16'),
(214, 1, '2024-09-10 04:14'),
(215, 5, '2024-09-06 00:33'),
(216, 3, '2024-09-14 02:12'),
(217, 4, '2024-09-20 12:45'),
(218, 1, '2024-09-09 02:50'),
(219, 5, '2024-09-07 13:20'),
(220, 2, '2024-09-03 22:02'),
(221, 4, '2024-09-15 09:36'),
(222, 1, '2024-09-14 00:57'),
(223, 3, '2024-09-13 21:31'),
(224, 5, '2024-09-08 00:59'),
(225, 2, '2024-09-19 00:48'),
(226, 3, '2024-09-17 09:50'),
(227, 4, '2024-09-20 01:45'),
(228, 5, '2024-09-09 05:14'),
(229, 2, '2024-09-12 06:41'),
(230, 3, '2024-09-01 12:39'),
(231, 4, '2024-09-14 13:15'),
(232, 5, '2024-09-07 15:00'),
(233, 2, '2024-09-10 00:38'),
(234, 3, '2024-09-04 18:51'),
(235, 4, '2024-09-03 12:43'),
(236, 1, '2024-09-05 08:22'),
(237, 5, '2024-09-18 19:30'),
(238, 3, '2024-09-02 06:56'),
(239, 1, '2024-09-16 04:05'),
(240, 4, '2024-09-19 12:26'),
(241, 5, '2024-09-01 20:40'),
(242, 3, '2024-09-10 18:57'),
(243, 1, '2024-09-04 08:40'),
(244, 4, '2024-09-09 10:05'),
(245, 5, '2024-09-14 14:35'),
(246, 3, '2024-09-02 05:45'),
(247, 4, '2024-09-17 07:03'),
(248, 1, '2024-09-12 18:52'),
(249, 2, '2024-09-18 04:08'),
(250, 5, '2024-09-19 03:09'),
(251, 3, '2024-09-06 11:21'),
(252, 4, '2024-09-02 12:12'),
(253, 1, '2024-09-08 09:33'),
(254, 5, '2024-09-01 21:56'),
(255, 2, '2024-09-11 02:18'),
(256, 4, '2024-09-05 07:41'),
(257, 3, '2024-09-14 18:40'),
(258, 1, '2024-09-09 00:50'),
(259, 5, '2024-09-13 05:37'),
(260, 3, '2024-09-06 05:57'),
(261, 2, '2024-09-03 17:01'),
(262, 5, '2024-09-07 11:23'),
(263, 1, '2024-09-10 07:22');



